[
  {
    "id": 1,
    "glyph": "img:assets/icons/ptable/1.png",
    "category": "Régions du corps",
    "name": "Tête Crâne",
    "desc": "Lettre grecque archaïque dérivée du koppa (variante). Sa forme semi-circulaire évoque la base du crâne qui protège le cerveau représenté par le point central."
  },
  {
    "id": 2,
    "glyph": "img:assets/icons/ptable/2.png",
    "category": "Régions du corps",
    "name": "Thorax",
    "desc": "Lettre grecque thêta. Le cercle évoque la cage thoracique tandis que la barre centrale évoque le grill costal (côtes) la traversant. Symbolise une structure fermée mais expansible au centre du corps et confère une aide mnémonique immédiate (« th » pour thorax)."
  },
  {
    "id": 3,
    "glyph": "img:assets/icons/ptable/3.png",
    "category": "Régions du corps",
    "name": "Épaule (ceinture scapulaire)",
    "desc": "Lettre grecque epsilon. Sa forme ouverte en « crochet » rappelle la glénoïde de l’épaule et sa ressemblance avec la lettre E est une aide mnémotechnique immédiate (= épaule). Peut également s’écrire ε."
  },
  {
    "id": 4,
    "glyph": "img:assets/icons/ptable/4.png",
    "category": "Régions du corps",
    "name": "Bassin (ceinture pelvienne)",
    "desc": "Lettre grecque oméga. Sa forme en “fer à cheval” rappelle l’anneau pelvien, véritable socle du corps. Au niveau étymologique, oméga (grand O) peut être associée à une grande ouverture évoquant la base d’appui en anneau et la « bassine » contenant les viscères. Peut également s’écrire Ѡ."
  },
  {
    "id": 5,
    "glyph": "img:assets/icons/ptable/5.png",
    "category": "Régions du corps",
    "name": "Colonne vertébrale (ensemble)",
    "desc": "Le chiffre deux en romain évoque deux barres verticales représentant l’empilement axial des vertèbres. Image simple et directe du pilier central soutenant tout le corps rappelant à la fois un mât et un alignement structurel."
  },
  {
    "id": 6,
    "glyph": "img:assets/icons/ptable/6.png",
    "category": "Régions du corps",
    "name": "Éminence thénarienne",
    "desc": "Lettre grecque phi. Le cercle central rappelle le point d’appui de la main et la masse musculaire du thénar traversée par une barre représentant le pouce."
  },
  {
    "id": 7,
    "glyph": "img:assets/icons/ptable/7.png",
    "category": "Régions du corps",
    "name": "Talon",
    "desc": "Lettre grecque archaïque koppa (majuscule classique). Sa forme ronde en hauteur rappelle la base du calcanéus tandis que la barre en-dessous évoque le point d’appui fondamental du pied."
  },
  {
    "id": 8,
    "glyph": "img:assets/icons/ptable/8.png",
    "category": "Régions du corps",
    "name": "Ischions Tubérosités ischiatiques",
    "desc": "Lettre grecque Ypsilon diérèse (Ϋ). Sa forme en Y évoque la bifurcation du bassin, la pointe inférieure rappelle la forme pointue des ischions tandis que les deux points au-dessus symbolisent les deux tubérosités ischiatiques."
  },
  {
    "id": 9,
    "glyph": "img:assets/icons/ptable/9.png",
    "category": "Régions du corps",
    "name": "Phalanges (doigts et orteils)",
    "desc": "Lettre grecque psi. Sa forme digitale avec ses trois branches évoque les phalanges des doigts et des orteils (extrémités)."
  },
  {
    "id": 10,
    "glyph": "img:assets/icons/ptable/10.png",
    "category": "Régions du corps",
    "name": "Extrémité (membre)",
    "desc": "Lettre E majuscule. Aide mnémonique immédiate permettant de globaliser un membre en tant que segment dans un exercice ou une posture."
  },
  {
    "id": 11,
    "glyph": "img:assets/icons/ptable/11.png",
    "category": "Régions du corps",
    "name": "Extrémité Supérieure (membre)",
    "desc": "Lettre E majuscule avec un point supérieur. Permet de distinguer le membre supérieur dans un exercice ou une posture."
  },
  {
    "id": 12,
    "glyph": "img:assets/icons/ptable/12.png",
    "category": "Régions du corps",
    "name": "Extrémité Inférieure (membre)",
    "desc": "Lettre E majuscule avec un point inférieur. Permet de distinguer le membre inférieur dans un exercice ou une posture."
  },
  {
    "id": 13,
    "glyph": "img:assets/icons/ptable/13.png",
    "category": "Régions du corps",
    "name": "Unité centrale (core)",
    "desc": "Symbole ⋈ (ou ><). Permet de représenter la jonction croisée des forces stabilisatrices du tronc (core). Illustre l’intégration fonctionnelle du caisson abdominal, du plancher pelvien, du diaphragme et de la colonne lombaire dans la production, la transmission et l'absorption des forces."
  },
  {
    "id": 14,
    "glyph": "img:assets/icons/ptable/14.png",
    "category": "Régions du corps",
    "name": "Cervicale (région colonne)",
    "desc": "Lettre C en majuscule. Aide mnémotechnique immédiate, elle représente la région cervicale de la colonne vertébrale (os et muscles)."
  },
  {
    "id": 15,
    "glyph": "img:assets/icons/ptable/15.png",
    "category": "Régions du corps",
    "name": "Thoracique (région colonne)",
    "desc": "Lettre T en majuscule. Aide mnémotechnique immédiate, elle représente la région thoracique de la colonne vertébrale (os et muscles)."
  },
  {
    "id": 16,
    "glyph": "img:assets/icons/ptable/16.png",
    "category": "Régions du corps",
    "name": "Lombaire (région colonne)",
    "desc": "Lettre L en majuscule. Aide mnémotechnique immédiate, elle représente la région lombaire de la colonne vertébrale (os et muscles)."
  },
  {
    "id": 17,
    "glyph": "img:assets/icons/ptable/17.png",
    "category": "Articulations",
    "name": "Épaule (gléno-humérale)",
    "desc": "Lettre grecque rhô. Forme rappelant d’un “p” évoquant une tête humérale avec un corps légèrement décentré. Rappelle la fonction de suspension de l’articulation gléno-humérale."
  },
  {
    "id": 18,
    "glyph": "img:assets/icons/ptable/18.png",
    "category": "Articulations",
    "name": "Hanche (coxo-fémorale)",
    "desc": "Lettre cyrillique dérivée du grec. Cercle avec tige latérale rappelant la tête fémorale et son col. Similaire au symbole de la gléno-humérale mais distinct dans sa configuration."
  },
  {
    "id": 19,
    "glyph": "img:assets/icons/ptable/19.png",
    "category": "Articulations",
    "name": "Coude (huméro-ulnaire/radiale)",
    "desc": "Lettre grecque gamma. Historiquement utilisée dans les plans architecturaux pour représenter un angle, une jonction ou une articulation entre deux segments. Sa forme en « L » évoque directement la charnière du coude."
  },
  {
    "id": 20,
    "glyph": "img:assets/icons/ptable/20.png",
    "category": "Articulations",
    "name": "Poignet (radio/médio-carpienne)",
    "desc": "Lettre grecque xi. Trois traits parallèles évoquant l’empilement des os du carpe. Structure segmentée idéale pour symboliser la complexité carpienne."
  },
  {
    "id": 21,
    "glyph": "img:assets/icons/ptable/21.png",
    "category": "Articulations",
    "name": "Genou (fémoro-tibiale)",
    "desc": "Lettre grecque lambda. Forme en « V » renversé évoquant l’angle des jambes en extension de genou. Symbolise aussi une articulation charnière portante."
  },
  {
    "id": 22,
    "glyph": "img:assets/icons/ptable/22.png",
    "category": "Articulations",
    "name": "Cheville (mortaise talo-crurale)",
    "desc": "Lettre grecque pi. Forme en “portique” représentant la pince fibulo-tibiale recevant le talus."
  },
  {
    "id": 23,
    "glyph": "img:assets/icons/ptable/23.png",
    "category": "Segments & structures",
    "name": "Clavicule",
    "desc": "Symbole tilde évoquant la courbure de la clavicule, ligne horizontale instable mais mobile, et rappelant son rôle de liaison entre le sternum et l’omoplate."
  },
  {
    "id": 24,
    "glyph": "img:assets/icons/ptable/24.png",
    "category": "Segments & structures",
    "name": "Sternum",
    "desc": "Représentation stylisée du « Ι » (iota grec) sous forme de pilier romain, avec barres supérieure et inférieure. Ce glyphe vertical évoque la rectitude anatomique du sternum, axe central antérieur du thorax."
  },
  {
    "id": 25,
    "glyph": "img:assets/icons/ptable/25.png",
    "category": "Segments & structures",
    "name": "Scapula",
    "desc": "Lettre grecque delta. Forme triangulaire évoquant la silhouette de la scapula en vue postérieure."
  },
  {
    "id": 26,
    "glyph": "img:assets/icons/ptable/26.png",
    "category": "Segments & structures",
    "name": "Patella",
    "desc": "Ancienne variante grecque du sigma de forme demi-circulaire. Sa géométrie en demi-lune évoque la convexité caractéristique de la patella, os sésamoïde situé à l’avant du genou."
  },
  {
    "id": 27,
    "glyph": "img:assets/icons/ptable/27.png",
    "category": "Segments & structures",
    "name": "Vertèbre",
    "desc": "Symbole carré représentant le corps vertébral, permet d’être plus spécifique sur un segment de colonne ou sa structure propre."
  },
  {
    "id": 28,
    "glyph": "img:assets/icons/ptable/28.png",
    "category": "Segments & structures",
    "name": "Disque intervertébral Ménisque (structure molle/ronde)",
    "desc": "Symbole unicode représentant un anneau avec un point central. Sa forme peut à la fois servir à représenter un disque intervertébral (contour avec noyau central) ou un ménisque (structure ronde avec un appui central) dans l’analyse de contraintes mécaniques."
  },
  {
    "id": 29,
    "glyph": "img:assets/icons/ptable/29.png",
    "category": "Segments & structures",
    "name": "Main",
    "desc": "Symbole géométrique dont la barre verticale évoque la paume tandis que la barre horizontale suggère l’axe de l’avant-bras ou l’orientation vers l’avant. Permet de représenter la main par sa structure et sa fonction de manipulation et son caractère libre."
  },
  {
    "id": 30,
    "glyph": "img:assets/icons/ptable/30.png",
    "category": "Segments & structures",
    "name": "Pied",
    "desc": "Symbole géométrique dont la barre verticale évoque le segment jambier tandis que la barre horizontale suggère l’arche plantaire et le point d’appui au sol. Permet de représenter le pied par sa structure et sa situation en charge avec un contact franc et stable."
  },
  {
    "id": 31,
    "glyph": "img:assets/icons/ptable/31.png",
    "category": "Segments & structures",
    "name": "Bras",
    "desc": "Lettre B en majuscule. Aide mnémotechnique immédiate, elle permet de représenter le segment brachial (humérus). La silhouette arrondie rappelle le volume des muscles du bras."
  },
  {
    "id": 32,
    "glyph": "img:assets/icons/ptable/32.png",
    "category": "Segments & structures",
    "name": "Avant-bras",
    "desc": "Lettre b en minuscule. Aide mnémotechnique immédiate liée au bras (petit b) et permettant de représenter le segment antébrachial (ulna, radius)."
  },
  {
    "id": 33,
    "glyph": "img:assets/icons/ptable/33.png",
    "category": "Segments & structures",
    "name": "Jambe",
    "desc": "Lettre F en majuscule. Aide mnémotechnique immédiate, elle permet de représenter le segment fémoral (fémur). La branche inférieure rappelle la longueur du segment jambier."
  },
  {
    "id": 34,
    "glyph": "img:assets/icons/ptable/34.png",
    "category": "Segments & structures",
    "name": "Avant-jambe",
    "desc": "Lettre f en minuscule. Aide mnémotechnique immédiate liée au F choisi pour la cuisse (petit f) et inspirée de la racine latine fibula. Permet de représenter le segment jambier (tibia et fibula)."
  },
  {
    "id": 35,
    "glyph": "img:assets/icons/ptable/35.png",
    "category": "Segments & structures",
    "name": "Articulaire (structure)",
    "desc": "Lettre a en minuscule. Aide mnémotechnique immédiate, elle permet de spécifier une contrainte ou une conséquence liée à une structure articulaire telles que le cartilage, le labrum, les ménisques ou la capsule."
  },
  {
    "id": 36,
    "glyph": "img:assets/icons/ptable/36.png",
    "category": "Segments & structures",
    "name": "Ligament (structure)",
    "desc": "Lettre l en minuscule. Aide mnémotechnique immédiate, elle permet de spécifier une contrainte ou une conséquence liée à la structure."
  },
  {
    "id": 37,
    "glyph": "img:assets/icons/ptable/37.png",
    "category": "Segments & structures",
    "name": "Muscle (structure)",
    "desc": "Lettre m en minuscule. Aide mnémotechnique immédiate, elle permet de spécifier une action, une contrainte ou une conséquence liée à la structure."
  },
  {
    "id": 38,
    "glyph": "img:assets/icons/ptable/38.png",
    "category": "Segments & structures",
    "name": "Nerf (structure)",
    "desc": "Lettre n en minuscule. Aide mnémotechnique immédiate, elle permet de spécifier une contrainte ou une conséquence liée à la structure."
  },
  {
    "id": 39,
    "glyph": "img:assets/icons/ptable/39.png",
    "category": "Biomécanique",
    "name": "Résistance",
    "desc": "Lettre R en majuscule. Aide mnémotechnique immédiate et symbole universel en biomécanique. Permet de représenter la résistance dans une schéma (levier, exercice, posture, mouvement)."
  },
  {
    "id": 40,
    "glyph": "img:assets/icons/ptable/40.png",
    "category": "Biomécanique",
    "name": "Appui",
    "desc": "Lettre A en majuscule. Aide mnémotechnique immédiate et symbole universel en biomécanique. Permet de représenter l’appui ou le point de pivot dans un type de levier ou un mouvement."
  },
  {
    "id": 41,
    "glyph": "img:assets/icons/ptable/41.png",
    "category": "Biomécanique",
    "name": "Vecteur",
    "desc": "Lettre V en majuscule. Aide mnémotechnique immédiate et symbole universel en biomécanique. Permet de représenter une force, une résistance ou un mouvement."
  },
  {
    "id": 42,
    "glyph": "img:assets/icons/ptable/42.png",
    "category": "Biomécanique",
    "name": "Levier de force (bras de force)",
    "desc": "Combinaison des lettres L en majuscule et f en minuscule. Aide mnémotechnique immédiate et symbole universel en biomécanique. Permet d’identifier le bras de force dans un levier. L’utilisation d’un exposant s’inspire également des symboles utilisés en physique mécanique."
  },
  {
    "id": 43,
    "glyph": "img:assets/icons/ptable/43.png",
    "category": "Biomécanique",
    "name": "Levier de résistance (bras de résistance)",
    "desc": "Combinaison des lettres L en majuscule et r en minuscule. Aide mnémotechnique immédiate et symbole universel en biomécanique. Permet d’identifier le bras de résistance dans un levier. L’utilisation d’un exposant s’inspire également des symboles utilisés en physique mécanique."
  },
  {
    "id": 44,
    "glyph": "img:assets/icons/ptable/44.png",
    "category": "Biomécanique",
    "name": "Momentum de rotation",
    "desc": "Combinaison des lettres M en majuscule et r en minuscule. Aide mnémotechnique immédiate et symbole universel en biomécanique. Permet de représenter un moment de force appliquée dans une analyse. L’utilisation d’un exposant s’inspire également des symboles utilisés en physique mécanique."
  },
  {
    "id": 45,
    "glyph": "img:assets/icons/ptable/45.png",
    "category": "Biomécanique",
    "name": "Gravité",
    "desc": "Lettre g en minuscule. Utilisée en physique comme symbole universel de l’accélération gravitationnelle. Représente ici l’influence constante de la gravité sur le mouvement humain, la posture et les charges externes. Sert à annoter l’impact sur tout élément influencé par la gravité."
  },
  {
    "id": 46,
    "glyph": "img:assets/icons/ptable/46.png",
    "category": "Biomécanique",
    "name": "Distance",
    "desc": "Lettre d en minuscule. Utilisée en biomécanique et en mathématiques pour représenter une distance ou un écart entre deux points. Essentiel à l’analyse mécanique du mouvement, permet d’indiquer la longueur d’un bras de levier ou la distance entre deux éléments (ex : charge vs appui)."
  },
  {
    "id": 47,
    "glyph": "img:assets/icons/ptable/47.png",
    "category": "Biomécanique",
    "name": "Force",
    "desc": "Lettre Ƒ modifiée (dite « F à crochet »). Choisie pour représenter la force appliquée dans un mouvement, une posture ou une situation en biomécanique. Sa forme, caractérisée par une tige courbée, permet de différencier ce signe du F latin employé pour les repères anatomiques."
  },
  {
    "id": 48,
    "glyph": "img:assets/icons/ptable/48.png",
    "category": "Biomécanique",
    "name": "Contrainte de traction",
    "desc": "Lettre grecque gamma. Utilisée pour représenter un effet directionnel ou une variation en mécanique. Sa forme avec une branche oblique vers le bas suggère un étirement axial évoquant une force allongeant une structure. Permet de représenter les contraintes de traction."
  },
  {
    "id": 49,
    "glyph": "img:assets/icons/ptable/49.png",
    "category": "Biomécanique",
    "name": "Contrainte de cisaillement",
    "desc": "Lettre grecque tau. Utilisée en mécanique pour représenter les contraintes de cisaillement. Sa forme simple et horizontale évoque naturellement le glissement entre deux plans parallèles (tissu ou articulation). Permet de représenter les contraintes de glissement."
  },
  {
    "id": 50,
    "glyph": "img:assets/icons/ptable/50.png",
    "category": "Biomécanique",
    "name": "Contrainte de torsion",
    "desc": "Lettre cyrillique Abkhazian Dze. Sa forme arrondie prolongée d’une queue courbe évoque la rotation autour d’un axe. Son caractère spiralé en fait un excellent symbole pour représenter les contraintes de torsion."
  },
  {
    "id": 51,
    "glyph": "img:assets/icons/ptable/51.png",
    "category": "Biomécanique",
    "name": "Contrainte de friction",
    "desc": "Lettre grecque mu. Symbole universel du coefficient de friction en mécanique. Permet de représenter la résistance au glissement entre deux surfaces ou toute notion de frottement ou d’adhérence."
  },
  {
    "id": 52,
    "glyph": "img:assets/icons/ptable/52.png",
    "category": "Biomécanique",
    "name": "Contrainte de compression",
    "desc": "Lettre grecque sigma. Symbole standard des contraintes normales en ingénierie. Évoque la pression et l’écrasement axial et permet de représenter les contraintes de compression."
  },
  {
    "id": 53,
    "glyph": "img:assets/icons/ptable/53.png",
    "category": "Biomécanique",
    "name": "Mobilité",
    "desc": "Symbole de l’infini, dérivé des traditions grecques et mathématiques. Sa boucle continue évoque la fluidité, l’absence de limitation et la capacité de mouvement dans toutes les directions."
  },
  {
    "id": 54,
    "glyph": "img:assets/icons/ptable/54.png",
    "category": "Biomécanique",
    "name": "Stabilité",
    "desc": "Symbole du dièse. Utilisé ici pour représenter un état de stabilité, de fixité ou d’absence de mobilité dans un segment ou un exercice. Représente une configuration mécaniquement stable, soutenue ou verrouillée, ou un segment stable par rapport à un segment mobile."
  },
  {
    "id": 55,
    "glyph": "img:assets/icons/ptable/55.png",
    "category": "Biomécanique",
    "name": "Amplitude de mouvement",
    "desc": "Symbole mathématique « plus petit que » utilisé ici comme délimiteur d’amplitude. Permet de représenter l’arc de mouvement disponible ou recherché. Sa forme ouverte évoque la notion de fenêtre angulaire."
  },
  {
    "id": 56,
    "glyph": "img:assets/icons/ptable/56.png",
    "category": "Actions",
    "name": "Mouvement",
    "desc": "Lettre grecque kappa, initiale de kínēsis qui veut dire mouvement. Symbole direct de déplacement, activation ou changement d’état en biomécanique."
  },
  {
    "id": 57,
    "glyph": "img:assets/icons/ptable/57.png",
    "category": "Actions",
    "name": "Exercice",
    "desc": "Lettre grecque chi. Croix symbolisant l’opération, l’action et l’exécution d’un mouvement spécifique. Aide mnémonique phonétique idéale pour le mot « exercice »."
  },
  {
    "id": 58,
    "glyph": "img:assets/icons/ptable/58.png",
    "category": "Actions",
    "name": "Compensation Action de compenser",
    "desc": "Lettre C majuscule modifiée portant un accent aigu incliné. Choisi pour symboliser une déviation, un déséquilibre ou une erreur technique à éviter. Permet de représenter une compensation involontaire dans un mouvement ou une posture."
  },
  {
    "id": 59,
    "glyph": "img:assets/icons/ptable/59.png",
    "category": "Actions",
    "name": "Étirement Action d’étirer",
    "desc": "Lettre E majuscule avec tilde. L’ondulation évoque l’allongement des fibres, la détente progressive et la propagation du mouvement d’étirement. Permet de représenter le relâchement musculaire."
  },
  {
    "id": 60,
    "glyph": "img:assets/icons/ptable/60.png",
    "category": "Actions",
    "name": "Appui Action d’appuyer",
    "desc": "Lettre A majuscule avec accent circonflexe. L’accent pointu vers le haut représente un point de pression ou d’appui. Permet de représenter une intention d’appui dans un exercice."
  },
  {
    "id": 61,
    "glyph": "img:assets/icons/ptable/61.png",
    "category": "Actions",
    "name": "Renforcement Action de renforcer",
    "desc": "Lettre W majuscule avec accent circonflexe. Choisie pour son lien direct avec le terme universel workload. L’accent circonflexe orienté vers le haut symbolise une augmentation de la demande mécanique ou métabolique. Permet de représenter le renforcement musculaire."
  },
  {
    "id": 62,
    "glyph": "img:assets/icons/ptable/62.png",
    "category": "Actions",
    "name": "Maintien Action de maintenir",
    "desc": "Lettre M majuscule avec macron. La barre horizontale évoque une ligne stable, prolongée et constante dans le temps. Permet de représenter un maintien postural, une position tenue ou une contraction isométrique."
  },
  {
    "id": 63,
    "glyph": "img:assets/icons/ptable/63.png",
    "category": "Actions",
    "name": "Stabilisation Action de stabiliser",
    "desc": "Lettre S majuscule avec macron. La barre horizontale symbolise un niveau et permet de représenter l’immobilité et le contrôle postural. Évoque une position stable, neutre dans un exercice ou une posture."
  },
  {
    "id": 64,
    "glyph": "img:assets/icons/ptable/64.png",
    "category": "Actions",
    "name": "Préhension Action de prendre/saisir",
    "desc": "Lettre P majuscule avec macron. La barre horizontale représente l’action de saisir, d’empoigner ou de prendre un objet dans un exercice."
  },
  {
    "id": 65,
    "glyph": "img:assets/icons/ptable/65.png",
    "category": "Actions",
    "name": "Inclinaison",
    "desc": "Lettre I majuscule suivie du n en indice minuscule. Permet d’indiquer un mouvement d'inclinaison. Aide mnémotechnique immédiate permettant de représenter un mouvement latéral dans un exercice ou un schéma (ex : tronc, cou, poignet)."
  },
  {
    "id": 66,
    "glyph": "img:assets/icons/ptable/66.png",
    "category": "Actions",
    "name": "Inspiration",
    "desc": "Lettre I majuscule suivie du p en indice minuscule. Permet d’indiquer un mouvement d’inspiration. Aide mnémotechnique immédiate permettant de représenter une inspiration intentionnelle dans un exercice ou un schéma."
  },
  {
    "id": 67,
    "glyph": "img:assets/icons/ptable/67.png",
    "category": "Actions",
    "name": "Expiration",
    "desc": "Lettre E majuscule suivie du p en indice minuscule. Permet d’indiquer un mouvement d’expiration. Aide mnémotechnique immédiate permettant de représenter une expiration intentionnelle dans un exercice ou un schéma."
  },
  {
    "id": 68,
    "glyph": "img:assets/icons/ptable/68.png",
    "category": "Actions",
    "name": "Flexion",
    "desc": "Lettre F majuscule suivie du x en indice minuscule. Permet d’indiquer un mouvement de flexion. Aide mnémotechnique immédiate permettant de représenter une flexion articulaire dans un exercice ou un schéma (ex : coude, genou)."
  },
  {
    "id": 69,
    "glyph": "img:assets/icons/ptable/69.png",
    "category": "Actions",
    "name": "Extension",
    "desc": "Lettre E majuscule suivie du x en indice minuscule. Permet d’indiquer un mouvement d’extension. Aide mnémotechnique immédiate permettant de représenter une extension articulaire dans un exercice ou un schéma (ex : coude, genou)."
  },
  {
    "id": 70,
    "glyph": "img:assets/icons/ptable/70.png",
    "category": "Actions",
    "name": "Adduction",
    "desc": "Lettre A majuscule suivie du b en indice minuscule. Permet d’indiquer mouvement d’abduction. Aide mnémotechnique immédiate permettant de représenter une abduction articulaire dans un exercice ou un schéma (ex : hanche, épaule)."
  },
  {
    "id": 71,
    "glyph": "img:assets/icons/ptable/71.png",
    "category": "Actions",
    "name": "Abduction",
    "desc": "Lettre A majuscule suivie du d en indice minuscule. Permet d’indiquer un mouvement d’adduction. Aide mnémotechnique immédiate permettant de représenter une adduction articulaire dans un exercice ou un schéma (ex : hanche, épaule)."
  },
  {
    "id": 72,
    "glyph": "img:assets/icons/ptable/72.png",
    "category": "Actions",
    "name": "Antéversion Bascule avant/antérieure",
    "desc": "Lettre A majuscule suivie du v en indice minuscule. Permet d’indiquer mouvement d’antéversion. Aide mnémotechnique immédiate permettant de représenter une antéversion dans un exercice ou un schéma (ex : bassin, omoplate)."
  },
  {
    "id": 73,
    "glyph": "img:assets/icons/ptable/73.png",
    "category": "Actions",
    "name": "Rétroversion Bascule arrière/postérieure",
    "desc": "Lettre R majuscule suivie du v en indice minuscule. Permet d’indiquer mouvement de rétroversion. Aide mnémotechnique immédiate permettant de représenter une rétroversion dans un exercice ou un schéma (ex : bassin, omoplate)."
  },
  {
    "id": 74,
    "glyph": "img:assets/icons/ptable/74.png",
    "category": "Actions",
    "name": "Antéprojection",
    "desc": "Lettre A majuscule suivie du p en indice minuscule. Permet d’indiquer mouvement d’antéprojection. Aide mnémotechnique immédiate permettant de représenter une antéprojection dans un exercice ou un schéma (ex : tête, bassin)."
  },
  {
    "id": 75,
    "glyph": "img:assets/icons/ptable/75.png",
    "category": "Actions",
    "name": "Rétroprojection",
    "desc": "Lettre R majuscule suivie du p en indice minuscule. Permet d’indiquer mouvement de rétroprojection. Aide mnémotechnique immédiate permettant de représenter une rétroprojection dans un exercice ou un schéma (ex : tête, bassin)."
  },
  {
    "id": 76,
    "glyph": "img:assets/icons/ptable/76.png",
    "category": "Actions",
    "name": "Rotation médiale",
    "desc": "Lettre R majuscule suivie du m en indice minuscule. Permet d’indiquer mouvement de rotation médiale. Aide mnémotechnique immédiate permettant de représenter une rotation médiale dans un exercice ou un schéma (ex : épaule, hanche)."
  },
  {
    "id": 77,
    "glyph": "img:assets/icons/ptable/77.png",
    "category": "Actions",
    "name": "Rotation latérale",
    "desc": "Lettre R majuscule suivie du l en indice minuscule. Permet d’indiquer mouvement de rotation latérale. Aide mnémotechnique immédiate permettant de représenter une rotation latérale dans un exercice ou un schéma (ex : épaule, hanche)."
  },
  {
    "id": 78,
    "glyph": "img:assets/icons/ptable/78.png",
    "category": "Actions",
    "name": "Pronation",
    "desc": "Lettre P majuscule suivie du n en indice minuscule. Permet d’indiquer mouvement de pronation. Aide mnémotechnique immédiate permettant de représenter une pronation dans un exercice ou un schéma (ex : avant-bras, pied)."
  },
  {
    "id": 79,
    "glyph": "img:assets/icons/ptable/79.png",
    "category": "Actions",
    "name": "Supination",
    "desc": "Lettre S majuscule suivie du n en indice minuscule. Permet d’indiquer mouvement de supination. Aide mnémotechnique immédiate permettant de représenter une supination dans un exercice ou un schéma (ex : avant-bras, pied)."
  },
  {
    "id": 80,
    "glyph": "img:assets/icons/ptable/80.png",
    "category": "Actions",
    "name": "Ouverture",
    "desc": "Les parenthèses angulaires « ouvertes ». Placées autour d’un sigle comme le thorax, la main ou le pied, permettent d’illustrer le mouvement d’ouverture."
  },
  {
    "id": 81,
    "glyph": "img:assets/icons/ptable/81.png",
    "category": "Actions",
    "name": "Fermeture",
    "desc": "Les parenthèses angulaires « fermées ». Placées autour d’un sigle comme le thorax, la main ou le pied, permettent d’illustrer le mouvement de fermeture."
  },
  {
    "id": 82,
    "glyph": "img:assets/icons/ptable/82.png",
    "category": "Actions",
    "name": "Lordose",
    "desc": "Deux parenthèses courbées vers la droite permettent de représenter le symbole de la colonne vertébrale en position de lordose."
  },
  {
    "id": 83,
    "glyph": "img:assets/icons/ptable/83.png",
    "category": "Actions",
    "name": "Délordose / Cyphose",
    "desc": "Deux parenthèses courbées vers la gauche permettent de représenter le symbole de la colonne vertébrale en position de lordose."
  },
  {
    "id": 84,
    "glyph": "img:assets/icons/ptable/84.png",
    "category": "Actions",
    "name": "Auto-grandissement Érection du rachis",
    "desc": "L’ajout d’une flèche vers le haut sur le symbole de la colonne vertébrale permet de représenter une composante d’auto-grandissement."
  },
  {
    "id": 85,
    "glyph": "img:assets/icons/ptable/85.png",
    "category": "Symboles utilitaires",
    "name": "Attention (danger) Exagération (hyper) Mise en garde",
    "desc": "Point d’exclamation. Choisi pour son évocation universelle de « mise en garde ». Permet de signifier quelque chose d’extrême, d’excessif ou de dangereux. Peut indiquer un dépassement d’amplitude ou des conditions normalement permises ou une probabilité de traumatisme ou de problème mécanique."
  },
  {
    "id": 86,
    "glyph": "img:assets/icons/ptable/86.png",
    "category": "Symboles utilitaires",
    "name": "Opérateur temporel « pendant » « en même temps »",
    "desc": "Parenthèses rondes. Servent à isoler un mouvement, un élément ou une condition au sein d’un énoncé. Ce qui est contenu entre parenthèses doit être lu, compris ou analysé séparément, sans interaction directe avec la structure principale, puis réintégré à l’interprétation globale du mouvement."
  },
  {
    "id": 87,
    "glyph": "img:assets/icons/ptable/87.png",
    "category": "Symboles utilitaires",
    "name": "Droite",
    "desc": "Lettre D majuscule. Choisie pour sa racine latine dextral signifiant « du côté droit ». Sert à préciser qu’un mouvement, une action ou une structure s’applique au côté droit du corps. Sa forme simple et directe facilite une lecture rapide sans se confondre avec les opérateurs directionnels."
  },
  {
    "id": 88,
    "glyph": "img:assets/icons/ptable/88.png",
    "category": "Symboles utilitaires",
    "name": "Gauche",
    "desc": "Lettre latine ꓷ inversée (LATIN CAPITAL D REVERSED LETTER). Inspirée du principe de symétrie visuelle, elle représente le côté gauche du corps par opposition au D pour « droit ». Offre une distinction immédiate et intuitive avec D pour « droite » créant un duo directionnel parfaitement cohérent."
  },
  {
    "id": 89,
    "glyph": "img:assets/icons/ptable/89.png",
    "category": "Symboles utilitaires",
    "name": "Controlatéral Côté opposé",
    "desc": "Symbole ф (lettre cyrillique « ef »). Choisi pour indiquer une structure, une action ou une contribution du côté opposé à l’élément principal. Représente la division latérale du corps et l’implication d’un segment controlatéral. Sa forme composée de deux lobes distincts séparés par une barre centrale évoque la séparation entre les deux côtés."
  },
  {
    "id": 90,
    "glyph": "img:assets/icons/ptable/90.png",
    "category": "Symboles utilitaires",
    "name": "Direct",
    "desc": "Lettre D barrée horizontalement. Aide mnémonique immédiate, permet de représenter une action ou un transfert mécanique direct, un travail musculaire ciblé ou une relation immédiate entre deux segments. La barre centrale évoque une trajectoire franche qui traverse ou relie directement deux points."
  },
  {
    "id": 91,
    "glyph": "img:assets/icons/ptable/91.png",
    "category": "Symboles utilitaires",
    "name": "Indirect",
    "desc": "Lettre D modifiée (forme ouverte). Permet de représenter une action indirecte, une transmission médiée, un travail musculaire stabilisateur ou une déviation dans la relation mécanique entre deux segments. L’ouverture latérale évoque une action non complétée ou indirecte."
  },
  {
    "id": 92,
    "glyph": "img:assets/icons/ptable/92.png",
    "category": "Symboles utilitaires",
    "name": "Passif",
    "desc": "Lettre U surmontée d’un tilde. Choisie pour indiquer un état passif. Représente l’absence d’activation ou la participation passive d’un segment dans un exercice. Le tilde au-dessus du U évoque ici un état relâché ou l’absence de tension."
  },
  {
    "id": 93,
    "glyph": "img:assets/icons/ptable/93.png",
    "category": "Symboles utilitaires",
    "name": "Actif",
    "desc": "Lettre U surmontée d’un macron. Choisie pour son lien en électricité avec la tension (voltage). Permet de représenter une activation neuromusculaire, une intention volontaire ou d’indiquer la participation active d’un segment. Le U (aimant) évoque la conductibilité (potentiel d’action) alors que le macron évoque un état de tension entre les deux pôles."
  },
  {
    "id": 94,
    "glyph": "img:assets/icons/ptable/94.png",
    "category": "Symboles utilitaires",
    "name": "Contre Sur Dans / Par rapport à",
    "desc": "Symbole utilisé pour indiquer un contact direct, une application « contre » une surface ou une action « sur » un support. Il représente la notion de proximité ou de pression appliquée à une structure, un objet ou une région du corps. Peut aussi servir à dire « dans » pour un exercice ou un mouvement."
  },
  {
    "id": 95,
    "glyph": "img:assets/icons/ptable/95.png",
    "category": "Symboles utilitaires",
    "name": "Suite Suivi de",
    "desc": "Le tiret simple représente un segment d’action ou une phase du mouvement et permet de coder une séquence technique, un rythme ou une alternance d’étapes. Sa forme simple et horizontale évoque la continuité, la progression ou le temps linéaire."
  },
  {
    "id": 96,
    "glyph": "img:assets/icons/ptable/96.png",
    "category": "Symboles utilitaires",
    "name": "Addition",
    "desc": "Symbole mathématique universel indiquant l’addition ou l’agrégation. Permet de combiner plusieurs amplitudes, contraintes ou contributions articulaires dans un même énoncé. Représente la somme des éléments biomécaniques impliqués dans un mouvement."
  },
  {
    "id": 97,
    "glyph": "img:assets/icons/ptable/97.png",
    "category": "Symboles utilitaires",
    "name": "Équilibre",
    "desc": "Symbole mathématique universel. Choisi pour indiquer un état d’équilibre, de compensation ou d’ajustement bilatéral. Représente la coexistence de deux forces, amplitudes ou influences opposées maintenant une condition stable. Permet d’exprimer une variation contrôlée."
  },
  {
    "id": 98,
    "glyph": "img:assets/icons/ptable/98.png",
    "category": "Symboles utilitaires",
    "name": "Résultat Somme",
    "desc": "Symbole mathématique universel indiquant l’égalité ou le résultat d’une opération. Permet d’exprimer l’équivalence biomécanique ou la valeur finale obtenue après la combinaison de plusieurs facteurs (amplitudes de mouvement, résultat d’un calcul mécanique)."
  },
  {
    "id": 99,
    "glyph": "img:assets/icons/ptable/99.png",
    "category": "Symboles utilitaires",
    "name": "Mauvais Incorrect",
    "desc": "Symbole mathématique universel (non égal). Permet d’indiquer qu’un appui, un vecteur, une direction ou une relation mécanique est incorrecte, non souhaitable ou incompatible avec l’exécution optimale d’un mouvement. Peut mettre en évidence une erreur technique ou un mauvais alignement."
  },
  {
    "id": 100,
    "glyph": "img:assets/icons/ptable/100.png",
    "category": "Symboles utilitaires",
    "name": "Éviter de « à ne pas faire »",
    "desc": "Symbole emprunté à la notation nordique et scientifique où ø exprime l’idée de vide, d’absence ou d’annulation. Permet de mettre en évidence une action, une posture ou une compensation non désirée. Son tracé circulaire barré évoque visuellement un geste à proscrire."
  },
  {
    "id": 101,
    "glyph": "img:assets/icons/ptable/101.png",
    "category": "Symboles utilitaires",
    "name": "Cible",
    "desc": "Deux cercles concentriques évoquant une cible. Permet de mettre en évidence un muscle, un segment ou une région anatomique spécifiquement visée par un exercice, un mouvement ou une consigne."
  },
  {
    "id": 102,
    "glyph": "img:assets/icons/ptable/102.png",
    "category": "Symboles utilitaires",
    "name": "Barre (poids) Charge Centre de masse",
    "desc": "Point plein représentant une masse compacte. Utilisé pour indiquer la présence d’une charge externe (barre, poids) ou un poids segmentaire (centre de masse) dans un exercice ou un schéma."
  },
  {
    "id": 103,
    "glyph": "img:assets/icons/ptable/103.png",
    "category": "Symboles utilitaires",
    "name": "Élévation Augmentation",
    "desc": "Flèche vers le haut, permet de représenter un mouvement d’élévation dans un exercice, un mouvement ou une posture. Peut permettre d’indiquer l’augmentation d’un paramètre dans une analyse ou un schéma."
  },
  {
    "id": 104,
    "glyph": "img:assets/icons/ptable/104.png",
    "category": "Symboles utilitaires",
    "name": "Abaissement Diminution",
    "desc": "Flèche vers le bas, permet de représenter un mouvement d’abaissement dans un exercice, un mouvement ou une posture. Peut permettre d’indiquer la diminution d’un paramètre dans une analyse ou un schéma."
  },
  {
    "id": 105,
    "glyph": "img:assets/icons/ptable/105.png",
    "category": "Symboles utilitaires",
    "name": "Arrière Reculer",
    "desc": "Flèche vers l’arrière, permet de représenter un placement ou un mouvement arrière dans un exercice ou un schéma."
  },
  {
    "id": 106,
    "glyph": "img:assets/icons/ptable/106.png",
    "category": "Symboles utilitaires",
    "name": "Avant Avancer Amener",
    "desc": "Flèche vers l’avant, permet de représenter un placement ou un mouvement avant dans un exercice ou un schéma. Peut aussi servir à indiquer qu’on veut « mettre de l’avant » quelque chose (synonyme du verbe « amener »)."
  },
  {
    "id": 107,
    "glyph": "img:assets/icons/ptable/107.png",
    "category": "Symboles utilitaires",
    "name": "Tracter",
    "desc": "Une flèche s’éloignant d’une barre verticale. Permet d’illustrer une composante de traction dans un exercice ou un schéma."
  },
  {
    "id": 108,
    "glyph": "img:assets/icons/ptable/108.png",
    "category": "Symboles utilitaires",
    "name": "Pousser",
    "desc": "Une flèche en appui contre une barre verticale. Permet d’illustrer une composante de poussée dans un exercice ou un schéma."
  },
  {
    "id": 109,
    "glyph": "img:assets/icons/ptable/109.png",
    "category": "Symboles utilitaires",
    "name": "Aligner",
    "desc": "Symbole de double flèche utilisé en mathématiques et en géométrie pour exprimer une relation de correspondance ou d’équivalence entre deux éléments. Permet de représenter visuellement l’idée d’« aligner » deux segments, deux articulations ou deux repères dans l’espace."
  },
  {
    "id": 110,
    "glyph": "img:assets/icons/ptable/110.png",
    "category": "Symboles utilitaires",
    "name": "Surface",
    "desc": "Symbole représentant une surface plane horizontale. Permet de représenter la base ou le plan d’appui d’un banc, d’une marche ou de tout support utilisé dans un exercice ou un mouvement."
  },
  {
    "id": 111,
    "glyph": "img:assets/icons/ptable/111.png",
    "category": "Symboles utilitaires",
    "name": "Complet Complète",
    "desc": "Crochet fermé. Symbole universel de clôture et de limite atteinte. Évoque la fin d’un mouvement, la butée articulaire ou l’amplitude maximale disponible. Utilisé pour indiquer qu’un mouvement est effectué jusqu’à son extension complète ou limite anatomique."
  }
]